date,sp500_price,sp500_pe_ratio
1871-01-01,4.44,11.10
1871-02-01,4.50,11.25
1871-03-01,4.61,11.52
1871-04-01,4.74,11.85
1871-05-01,4.86,12.15
1871-06-01,4.82,12.05
1871-07-01,4.73,11.82
1871-08-01,4.79,11.98
1871-09-01,4.84,12.10
1871-10-01,4.59,11.48
1871-11-01,4.64,11.60
1871-12-01,4.74,11.85
1872-01-01,4.86,12.07
1872-02-01,4.88,12.05
1872-03-01,5.04,12.37
1872-04-01,5.18,12.63
1872-05-01,5.18,12.56
1872-06-01,5.13,12.36
1872-07-01,5.10,12.22
1872-08-01,5.04,12.00
1872-09-01,4.95,11.72
1872-10-01,4.97,11.69
1872-11-01,4.95,11.58
1872-12-01,5.07,11.79
1873-01-01,5.11,11.82
1873-02-01,5.15,11.84
1873-03-01,5.11,11.68
1873-04-01,5.04,11.45
1873-05-01,5.05,11.41
1873-06-01,4.98,11.19
1873-07-01,4.97,11.11
1873-08-01,4.97,11.04
1873-09-01,4.59,10.14
1873-10-01,4.19,9.21
1873-11-01,4.04,8.83
1873-12-01,4.42,9.61
1874-01-01,4.66,10.13
1874-02-01,4.80,10.43
1874-03-01,4.73,10.28
1874-04-01,4.60,10.00
1874-05-01,4.48,9.74
1874-06-01,4.46,9.70
1874-07-01,4.46,9.70
1874-08-01,4.47,9.72
1874-09-01,4.54,9.87
1874-10-01,4.53,9.85
1874-11-01,4.57,9.93
1874-12-01,4.54,9.87
1875-01-01,4.54,10.05
1875-02-01,4.53,10.22
1875-03-01,4.59,10.55
1875-04-01,4.65,10.90
1875-05-01,4.47,10.69
1875-06-01,4.38,10.68
1875-07-01,4.39,10.93
1875-08-01,4.41,11.21
1875-09-01,4.37,11.35
1875-10-01,4.30,11.41
1875-11-01,4.37,11.87
1875-12-01,4.37,12.14
1876-01-01,4.46,12.62
1876-02-01,4.52,13.04
1876-03-01,4.51,13.26
1876-04-01,4.34,13.02
1876-05-01,4.18,12.79
1876-06-01,4.15,12.97
1876-07-01,4.10,13.09
1876-08-01,3.93,12.81
1876-09-01,3.69,12.30
1876-10-01,3.67,12.51
1876-11-01,3.60,12.56
1876-12-01,3.58,12.79
1877-01-01,3.55,12.60
1877-02-01,3.34,11.79
1877-03-01,3.17,11.12
1877-04-01,2.94,10.25
1877-05-01,2.94,10.20
1877-06-01,2.73,9.41
1877-07-01,2.85,9.77
1877-08-01,3.05,10.40
1877-09-01,3.24,10.98
1877-10-01,3.31,11.16
1877-11-01,3.26,10.93
1877-12-01,3.25,10.83
1878-01-01,3.25,10.80
1878-02-01,3.18,10.54
1878-03-01,3.24,10.71
1878-04-01,3.33,10.98
1878-05-01,3.34,10.98
1878-06-01,3.41,11.18
1878-07-01,3.48,11.38
1878-08-01,3.45,11.25
1878-09-01,3.52,11.45
1878-10-01,3.48,11.29
1878-11-01,3.47,11.22
1878-12-01,3.45,11.13
1879-01-01,3.58,11.34
1879-02-01,3.71,11.53
1879-03-01,3.65,11.15
1879-04-01,3.77,11.31
1879-05-01,3.94,11.62
1879-06-01,3.96,11.48
1879-07-01,4.04,11.52
1879-08-01,4.07,11.41
1879-09-01,4.22,11.64
1879-10-01,4.68,12.71
1879-11-01,4.93,13.17
1879-12-01,4.92,12.95
1880-01-01,5.11,13.13
1880-02-01,5.20,13.06
1880-03-01,5.30,13.01
1880-04-01,5.18,12.43
1880-05-01,4.77,11.20
1880-06-01,4.79,11.01
1880-07-01,5.01,11.28
1880-08-01,5.19,11.45
1880-09-01,5.18,11.20
1880-10-01,5.33,11.30
1880-11-01,5.61,11.67
1880-12-01,5.84,11.92
1881-01-01,6.19,12.74
1881-02-01,6.17,12.81
1881-03-01,6.24,13.07
1881-04-01,6.22,13.14
1881-05-01,6.50,13.85
1881-06-01,6.58,14.15
1881-07-01,6.35,13.78
1881-08-01,6.20,13.58
1881-09-01,6.25,13.81
1881-10-01,6.15,13.72
1881-11-01,6.19,13.94
1881-12-01,6.01,13.66
1882-01-01,5.92,13.48
1882-02-01,5.79,13.21
1882-03-01,5.78,13.21
1882-04-01,5.78,13.24
1882-05-01,5.71,13.10
1882-06-01,5.68,13.06
1882-07-01,6.00,13.82
1882-08-01,6.18,14.26
1882-09-01,6.24,14.43
1882-10-01,6.07,14.06
1882-11-01,5.81,13.49
1882-12-01,5.84,13.58
1883-01-01,5.81,13.59
1883-02-01,5.68,13.36
1883-03-01,5.75,13.61
1883-04-01,5.87,13.98
1883-05-01,5.77,13.82
1883-06-01,5.82,14.02
1883-07-01,5.73,13.89
1883-08-01,5.47,13.34
1883-09-01,5.53,13.57
1883-10-01,5.38,13.28
1883-11-01,5.46,13.57
1883-12-01,5.34,13.35
1884-01-01,5.18,13.20
1884-02-01,5.32,13.82
1884-03-01,5.30,14.04
1884-04-01,5.06,13.68
1884-05-01,4.65,12.83
1884-06-01,4.46,12.56
1884-07-01,4.46,12.83
1884-08-01,4.74,13.94
1884-09-01,4.59,13.80
1884-10-01,4.44,13.66
1884-11-01,4.35,13.70
1884-12-01,4.34,14.00
1885-01-01,4.24,13.82
1885-02-01,4.37,14.41
1885-03-01,4.38,14.60
1885-04-01,4.37,14.73
1885-05-01,4.32,14.73
1885-06-01,4.30,14.83
1885-07-01,4.46,15.56
1885-08-01,4.71,16.63
1885-09-01,4.65,16.61
1885-10-01,4.92,17.78
1885-11-01,5.24,19.17
1885-12-01,5.20,19.26
1886-01-01,5.20,18.91
1886-02-01,5.30,18.93
1886-03-01,5.19,18.21
1886-04-01,5.12,17.66
1886-05-01,5.02,17.02
1886-06-01,5.25,17.50
1886-07-01,5.33,17.48
1886-08-01,5.37,17.32
1886-09-01,5.51,17.49
1886-10-01,5.65,17.66
1886-11-01,5.79,17.82
1886-12-01,5.64,17.09
1887-01-01,5.58,16.78
1887-02-01,5.54,16.54
1887-03-01,5.67,16.80
1887-04-01,5.80,17.06
1887-05-01,5.90,17.23
1887-06-01,5.73,16.61
1887-07-01,5.59,16.09
1887-08-01,5.45,15.57
1887-09-01,5.38,15.26
1887-10-01,5.20,14.65
1887-11-01,5.30,14.83
1887-12-01,5.27,14.64
1888-01-01,5.31,15.10
1888-02-01,5.28,15.38
1888-03-01,5.08,15.16
1888-04-01,5.10,15.61
1888-05-01,5.17,16.24
1888-06-01,5.01,16.16
1888-07-01,5.14,17.04
1888-08-01,5.25,17.90
1888-09-01,5.38,18.88
1888-10-01,5.35,19.34
1888-11-01,5.24,19.53
1888-12-01,5.14,19.77
1889-01-01,5.24,19.90
1889-02-01,5.30,19.87
1889-03-01,5.19,19.22
1889-04-01,5.18,18.95
1889-05-01,5.32,19.23
1889-06-01,5.41,19.32
1889-07-01,5.30,18.71
1889-08-01,5.37,18.73
1889-09-01,5.50,18.97
1889-10-01,5.40,18.41
1889-11-01,5.35,18.03
1889-12-01,5.32,17.73
1890-01-01,5.38,17.98
1890-02-01,5.32,17.83
1890-03-01,5.28,17.75
1890-04-01,5.39,18.17
1890-05-01,5.62,19.00
1890-06-01,5.58,18.92
1890-07-01,5.54,18.83
1890-08-01,5.41,18.45
1890-09-01,5.32,18.19
1890-10-01,5.08,17.42
1890-11-01,4.71,16.20
1890-12-01,4.60,15.86
1891-01-01,4.84,16.45
1891-02-01,4.90,16.43
1891-03-01,4.81,15.90
1891-04-01,4.97,16.20
1891-05-01,4.95,15.93
1891-06-01,4.85,15.40
1891-07-01,4.77,14.94
1891-08-01,4.93,15.25
1891-09-01,5.33,16.27
1891-10-01,5.33,16.07
1891-11-01,5.25,15.63
1891-12-01,5.41,15.91
1892-01-01,5.51,16.09
1892-02-01,5.52,16.00
1892-03-01,5.58,16.06
1892-04-01,5.57,15.91
1892-05-01,5.57,15.80
1892-06-01,5.54,15.61
1892-07-01,5.54,15.50
1892-08-01,5.62,15.61
1892-09-01,5.48,15.12
1892-10-01,5.59,15.32
1892-11-01,5.57,15.16
1892-12-01,5.51,14.89
1893-01-01,5.61,15.55
1893-02-01,5.51,15.67
1893-03-01,5.31,15.50
1893-04-01,5.31,15.93
1893-05-01,4.84,14.93
1893-06-01,4.61,14.63
1893-07-01,4.18,13.67
1893-08-01,4.08,13.75
1893-09-01,4.37,15.20
1893-10-01,4.50,16.17
1893-11-01,4.57,16.98
1893-12-01,4.41,16.96
1894-01-01,4.32,17.16
1894-02-01,4.38,18.00
1894-03-01,4.51,19.19
1894-04-01,4.57,20.16
1894-05-01,4.40,20.16
1894-06-01,4.34,20.67
1894-07-01,4.25,21.07
1894-08-01,4.41,22.81
1894-09-01,4.48,24.22
1894-10-01,4.34,24.56
1894-11-01,4.34,25.79
1894-12-01,4.30,26.88
1895-01-01,4.25,25.37
1895-02-01,4.19,23.94
1895-03-01,4.19,22.96
1895-04-01,4.37,23.00
1895-05-01,4.61,23.34
1895-06-01,4.70,22.93
1895-07-01,4.72,22.21
1895-08-01,4.79,21.77
1895-09-01,4.82,21.19
1895-10-01,4.75,20.21
1895-11-01,4.59,18.93
1895-12-01,4.32,17.28
1896-01-01,4.27,17.31
1896-02-01,4.45,18.29
1896-03-01,4.38,18.25
1896-04-01,4.42,18.67
1896-05-01,4.40,18.86
1896-06-01,4.32,18.78
1896-07-01,4.04,17.82
1896-08-01,3.81,17.06
1896-09-01,4.01,18.23
1896-10-01,4.10,18.92
1896-11-01,4.38,20.53
1896-12-01,4.22,20.10
1897-01-01,4.22,19.33
1897-02-01,4.18,18.44
1897-03-01,4.19,17.83
1897-04-01,4.06,16.69
1897-05-01,4.08,16.21
1897-06-01,4.27,16.42
1897-07-01,4.46,16.62
1897-08-01,4.75,17.17
1897-09-01,4.98,17.47
1897-10-01,4.82,16.43
1897-11-01,4.65,15.41
1897-12-01,4.75,15.32
1898-01-01,4.88,15.58
1898-02-01,4.87,15.38
1898-03-01,4.65,14.53
1898-04-01,4.57,14.14
1898-05-01,4.87,14.91
1898-06-01,5.06,15.33
1898-07-01,5.08,15.24
1898-08-01,5.27,15.65
1898-09-01,5.26,15.47
1898-10-01,5.15,15.00
1898-11-01,5.32,15.34
1898-12-01,5.65,16.14
1899-01-01,6.08,16.85
1899-02-01,6.31,16.98
1899-03-01,6.40,16.73
1899-04-01,6.48,16.48
1899-05-01,6.21,15.36
1899-06-01,6.07,14.63
1899-07-01,6.28,14.75
1899-08-01,6.44,14.75
1899-09-01,6.37,14.23
1899-10-01,6.34,13.83
1899-11-01,6.46,13.77
1899-12-01,6.02,12.54
1900-01-01,6.10,12.71
1900-02-01,6.21,12.94
1900-03-01,6.26,13.04
1900-04-01,6.34,13.21
1900-05-01,6.04,12.58
1900-06-01,5.86,12.21
1900-07-01,5.86,12.21
1900-08-01,5.94,12.38
1900-09-01,5.80,12.08
1900-10-01,6.01,12.52
1900-11-01,6.48,13.50
1900-12-01,6.87,14.31
1901-01-01,7.07,14.68
1901-02-01,7.25,15.00
1901-03-01,7.51,15.48
1901-04-01,8.14,16.72
1901-05-01,7.73,15.83
1901-06-01,8.50,17.35
1901-07-01,7.93,16.13
1901-08-01,8.04,16.30
1901-09-01,8.00,16.16
1901-10-01,7.91,15.93
1901-11-01,8.08,16.22
1901-12-01,7.95,15.90
1902-01-01,8.12,15.90
1902-02-01,8.19,15.70
1902-03-01,8.20,15.40
1902-04-01,8.48,15.61
1902-05-01,8.46,15.27
1902-06-01,8.41,14.88
1902-07-01,8.60,14.94
1902-08-01,8.83,15.05
1902-09-01,8.85,14.81
1902-10-01,8.57,14.09
1902-11-01,8.24,13.31
1902-12-01,8.05,12.78
1903-01-01,8.46,13.61
1903-02-01,8.41,13.71
1903-03-01,8.08,13.36
1903-04-01,7.75,12.99
1903-05-01,7.60,12.92
1903-06-01,7.18,12.38
1903-07-01,6.85,11.98
1903-08-01,6.63,11.77
1903-09-01,6.47,11.66
1903-10-01,6.26,11.45
1903-11-01,6.28,11.67
1903-12-01,6.57,12.40
1904-01-01,6.68,12.68
1904-02-01,6.50,12.42
1904-03-01,6.48,12.46
1904-04-01,6.64,12.85
1904-05-01,6.50,12.66
1904-06-01,6.51,12.76
1904-07-01,6.78,13.38
1904-08-01,7.01,13.93
1904-09-01,7.32,14.64
1904-10-01,7.75,15.60
1904-11-01,8.17,16.56
1904-12-01,8.25,16.84
1905-01-01,8.43,16.69
1905-02-01,8.80,16.92
1905-03-01,9.05,16.92
1905-04-01,8.94,16.25
1905-05-01,8.50,15.04
1905-06-01,8.60,14.83
1905-07-01,8.87,14.91
1905-08-01,9.20,15.08
1905-09-01,9.23,14.77
1905-10-01,9.36,14.62
1905-11-01,9.31,14.21
1905-12-01,9.54,14.24
1906-01-01,9.87,14.57
1906-02-01,9.80,14.31
1906-03-01,9.56,13.81
1906-04-01,9.43,13.47
1906-05-01,9.18,12.98
1906-06-01,9.30,13.01
1906-07-01,9.06,12.54
1906-08-01,9.73,13.33
1906-09-01,10.03,13.60
1906-10-01,9.73,13.06
1906-11-01,9.93,13.20
1906-12-01,9.84,12.95
1907-01-01,9.56,12.72
1907-02-01,9.26,12.46
1907-03-01,8.35,11.36
1907-04-01,8.39,11.55
1907-05-01,8.10,11.28
1907-06-01,7.84,11.04
1907-07-01,8.14,11.60
1907-08-01,7.53,10.86
1907-09-01,7.45,10.88
1907-10-01,6.64,9.81
1907-11-01,6.25,9.35
1907-12-01,6.57,9.95
1908-01-01,6.85,10.49
1908-02-01,6.60,10.21
1908-03-01,6.87,10.73
1908-04-01,7.24,11.43
1908-05-01,7.63,12.17
1908-06-01,7.64,12.32
1908-07-01,7.92,12.91
1908-08-01,8.26,13.61
1908-09-01,8.17,13.62
1908-10-01,8.27,13.94
1908-11-01,8.83,15.05
1908-12-01,9.03,15.57
1909-01-01,9.06,15.23
1909-02-01,8.80,14.43
1909-03-01,8.92,14.27
1909-04-01,9.32,14.56
1909-05-01,9.63,14.70
1909-06-01,9.80,14.63
1909-07-01,9.94,14.51
1909-08-01,10.18,14.54
1909-09-01,10.19,14.25
1909-10-01,10.23,14.01
1909-11-01,10.18,13.66
1909-12-01,10.30,13.55
1910-01-01,10.08,13.31
1910-02-01,9.72,12.87
1910-03-01,9.96,13.24
1910-04-01,9.72,12.96
1910-05-01,9.56,12.79
1910-06-01,9.10,12.21
1910-07-01,8.64,11.64
1910-08-01,8.85,11.96
1910-09-01,8.91,12.08
1910-10-01,9.32,12.68
1910-11-01,9.31,12.71
1910-12-01,9.05,12.40
1911-01-01,9.27,12.91
1911-02-01,9.43,13.34
1911-03-01,9.32,13.41
1911-04-01,9.28,13.58
1911-05-01,9.48,14.11
1911-06-01,9.67,14.65
1911-07-01,9.63,14.85
1911-08-01,9.17,14.40
1911-09-01,8.67,13.87
1911-10-01,8.72,14.22
1911-11-01,9.07,15.07
1911-12-01,9.11,15.44
1912-01-01,9.12,15.22
1912-02-01,9.04,14.86
1912-03-01,9.30,15.06
1912-04-01,9.59,15.30
1912-05-01,9.58,15.07
1912-06-01,9.58,14.85
1912-07-01,9.59,14.66
1912-08-01,9.81,14.79
1912-09-01,9.86,14.66
1912-10-01,9.84,14.43
1912-11-01,9.73,14.09
1912-12-01,9.38,13.40
1913-01-01,9.30,13.40
1913-02-01,8.97,13.03
1913-03-01,8.80,12.89
1913-04-01,8.79,12.99
1913-05-01,8.55,12.75
1913-06-01,8.12,12.21
1913-07-01,8.23,12.48
1913-08-01,8.45,12.93
1913-09-01,8.53,13.17
1913-10-01,8.26,12.87
1913-11-01,8.05,12.66
1913-12-01,8.04,12.76
1914-01-01,8.37,13.48
1914-02-01,8.48,13.86
1914-03-01,8.32,13.81
1914-04-01,8.12,13.69
1914-05-01,8.17,13.98
1914-06-01,8.13,14.14
1914-07-01,7.68,13.57
1914-08-01,7.68,13.80
1914-09-01,7.68,14.03
1914-10-01,7.68,14.27
1914-11-01,7.68,14.51
1914-12-01,7.35,14.13
1915-01-01,7.48,13.60
1915-02-01,7.38,12.72
1915-03-01,7.57,12.41
1915-04-01,8.14,12.72
1915-05-01,7.95,11.87
1915-06-01,8.04,11.49
1915-07-01,8.01,10.97
1915-08-01,8.35,10.99
1915-09-01,8.66,10.96
1915-10-01,9.14,11.15
1915-11-01,9.46,11.13
1915-12-01,9.48,10.77
1916-01-01,9.33,9.99
1916-02-01,9.20,9.31
1916-03-01,9.17,8.80
1916-04-01,9.07,8.27
1916-05-01,9.27,8.05
1916-06-01,9.36,7.77
1916-07-01,9.23,7.33
1916-08-01,9.30,7.08
1916-09-01,9.68,7.08
1916-10-01,9.98,7.02
1916-11-01,10.21,6.92
1916-12-01,9.80,6.41
1917-01-01,9.57,6.34
1917-02-01,9.03,6.07
1917-03-01,9.31,6.34
1917-04-01,9.17,6.34
1917-05-01,8.86,6.21
1917-06-01,9.04,6.43
1917-07-01,8.79,6.35
1917-08-01,8.53,6.26
1917-09-01,8.12,6.05
1917-10-01,7.68,5.81
1917-11-01,7.04,5.41
1917-12-01,6.80,5.31
1918-01-01,7.21,5.74
1918-02-01,7.43,6.03
1918-03-01,7.28,6.03
1918-04-01,7.21,6.09
1918-05-01,7.44,6.42
1918-06-01,7.45,6.56
1918-07-01,7.51,6.76
1918-08-01,7.58,6.97
1918-09-01,7.54,7.09
1918-10-01,7.86,7.57
1918-11-01,8.06,7.95
1918-12-01,7.90,7.98
1919-01-01,7.85,7.97
1919-02-01,7.88,8.04
1919-03-01,8.12,8.33
1919-04-01,8.39,8.65
1919-05-01,8.97,9.30
1919-06-01,9.21,9.59
1919-07-01,9.51,9.96
1919-08-01,8.87,9.34
1919-09-01,9.01,9.53
1919-10-01,9.47,10.07
1919-11-01,9.19,9.83
1919-12-01,8.92,9.59
1920-01-01,8.83,9.61
1920-02-01,8.10,8.92
1920-03-01,8.67,9.66
1920-04-01,8.60,9.70
1920-05-01,8.06,9.20
1920-06-01,7.92,9.16
1920-07-01,7.91,9.26
1920-08-01,7.60,9.01
1920-09-01,7.87,9.45
1920-10-01,7.88,9.59
1920-11-01,7.48,9.23
1920-12-01,6.81,8.51
1921-01-01,7.11,9.39
1921-02-01,7.06,9.87
1921-03-01,6.88,10.23
1921-04-01,6.91,10.97
1921-05-01,7.12,12.12
1921-06-01,6.55,12.02
1921-07-01,6.53,13.00
1921-08-01,6.45,14.02
1921-09-01,6.61,15.83
1921-10-01,6.70,17.87
1921-11-01,7.06,21.23
1921-12-01,7.31,25.21
1922-01-01,7.30,22.58
1922-02-01,7.46,20.91
1922-03-01,7.74,19.85
1922-04-01,8.21,19.40
1922-05-01,8.53,18.68
1922-06-01,8.45,17.24
1922-07-01,8.51,16.26
1922-08-01,8.83,15.86
1922-09-01,9.06,15.36
1922-10-01,9.26,14.86
1922-11-01,8.80,13.40
1922-12-01,8.78,12.72
1923-01-01,8.90,12.46
1923-02-01,9.28,12.57
1923-03-01,9.43,12.37
1923-04-01,9.10,11.57
1923-05-01,8.67,10.69
1923-06-01,8.34,9.99
1923-07-01,8.06,9.38
1923-08-01,8.10,9.17
1923-09-01,8.15,8.98
1923-10-01,8.03,8.62
1923-11-01,8.27,8.65
1923-12-01,8.55,8.72
1924-01-01,8.83,9.05
1924-02-01,8.87,9.13
1924-03-01,8.70,8.99
1924-04-01,8.50,8.82
1924-05-01,8.47,8.83
1924-06-01,8.63,9.04
1924-07-01,9.03,9.50
1924-08-01,9.34,9.87
1924-09-01,9.25,9.81
1924-10-01,9.13,9.73
1924-11-01,9.64,10.32
1924-12-01,10.16,10.92
1925-01-01,10.58,11.06
1925-02-01,10.67,10.85
1925-03-01,10.39,10.29
1925-04-01,10.28,9.91
1925-05-01,10.61,9.98
1925-06-01,10.80,9.91
1925-07-01,11.10,9.94
1925-08-01,11.25,9.84
1925-09-01,11.51,9.84
1925-10-01,11.89,9.93
1925-11-01,12.26,10.02
1925-12-01,12.46,9.97
1926-01-01,12.65,10.13
1926-02-01,12.67,10.15
1926-03-01,11.81,9.46
1926-04-01,11.48,9.21
1926-05-01,11.56,9.28
1926-06-01,12.11,9.73
1926-07-01,12.62,10.14
1926-08-01,13.12,10.56
1926-09-01,13.32,10.72
1926-10-01,13.02,10.48
1926-11-01,13.19,10.63
1926-12-01,13.49,10.88
1927-01-01,13.40,10.90
1927-02-01,13.66,11.22
1927-03-01,13.87,11.48
1927-04-01,14.21,11.87
1927-05-01,14.70,12.39
1927-06-01,14.89,12.67
1927-07-01,15.22,13.08
1927-08-01,16.03,13.90
1927-09-01,16.94,14.82
1927-10-01,16.68,14.73
1927-11-01,17.06,15.22
1927-12-01,17.46,15.73
1928-01-01,17.53,15.47
1928-02-01,17.32,15.00
1928-03-01,18.25,15.51
1928-04-01,19.40,16.17
1928-05-01,20.00,16.37
1928-06-01,19.02,15.28
1928-07-01,19.16,15.11
1928-08-01,19.78,15.33
1928-09-01,21.17,16.14
1928-10-01,21.60,16.18
1928-11-01,23.06,16.99
1928-12-01,23.15,16.78
1929-01-01,24.86,17.77
1929-02-01,24.99,17.62
1929-03-01,25.43,17.68
1929-04-01,25.28,17.35
1929-05-01,25.66,17.38
1929-06-01,26.15,17.49
1929-07-01,28.48,18.81
1929-08-01,30.10,19.63
1929-09-01,31.30,20.17
1929-10-01,27.99,17.81
1929-11-01,20.58,12.94
1929-12-01,21.40,13.29
1930-01-01,21.71,13.94
1930-02-01,23.07,15.35
1930-03-01,23.94,16.51
1930-04-01,25.46,18.22
1930-05-01,23.94,17.83
1930-06-01,21.52,16.68
1930-07-01,21.06,17.03
1930-08-01,20.79,17.57
1930-09-01,20.78,18.39
1930-10-01,17.92,16.64
1930-11-01,16.62,16.25
1930-12-01,15.51,15.99
1931-01-01,15.98,17.00
1931-02-01,17.20,18.90
1931-03-01,17.53,19.92
1931-04-01,15.86,18.66
1931-05-01,14.33,17.48
1931-06-01,13.87,17.56
1931-07-01,14.33,18.86
1931-08-01,13.90,19.04
1931-09-01,11.83,16.90
1931-10-01,10.25,15.30
1931-11-01,10.39,16.23
1931-12-01,8.44,13.84
1932-01-01,8.30,13.99
1932-02-01,8.23,14.27
1932-03-01,8.26,14.75
1932-04-01,6.28,11.56
1932-05-01,5.51,10.46
1932-06-01,4.77,9.35
1932-07-01,5.01,10.16
1932-08-01,7.53,15.80
1932-09-01,8.26,17.96
1932-10-01,7.12,16.06
1932-11-01,7.05,16.52
1932-12-01,6.82,16.63
1933-01-01,7.09,17.19
1933-02-01,6.25,15.06
1933-03-01,6.23,14.92
1933-04-01,6.89,16.40
1933-05-01,8.87,20.99
1933-06-01,10.39,24.45
1933-07-01,11.23,26.27
1933-08-01,10.67,24.81
1933-09-01,10.58,24.46
1933-10-01,9.55,21.95
1933-11-01,9.78,22.35
1933-12-01,9.97,22.66
1934-01-01,10.54,23.73
1934-02-01,11.32,25.25
1934-03-01,10.74,23.73
1934-04-01,10.92,23.91
1934-05-01,9.81,21.29
1934-06-01,9.94,21.38
1934-07-01,9.47,20.18
1934-08-01,9.10,19.23
1934-09-01,8.88,18.60
1934-10-01,8.95,18.58
1934-11-01,9.20,18.94
1934-12-01,9.26,18.90
1935-01-01,9.26,16.25
1935-02-01,8.98,13.82
1935-03-01,8.41,11.52
1935-04-01,9.04,11.95
1935-05-01,9.75,12.45
1935-06-01,10.12,12.49
1935-07-01,10.65,13.42
1935-08-01,11.37,14.64
1935-09-01,11.61,15.28
1935-10-01,11.92,15.68
1935-11-01,13.04,17.16
1935-12-01,13.04,17.16
1936-01-01,13.76,17.87
1936-02-01,14.55,18.65
1936-03-01,14.86,18.81
1936-04-01,14.88,18.15
1936-05-01,14.09,16.58
1936-06-01,14.69,16.69
1936-07-01,15.56,17.29
1936-08-01,15.87,17.25
1936-09-01,16.05,17.07
1936-10-01,16.89,17.47
1936-11-01,17.36,17.48
1936-12-01,17.06,16.73
1937-01-01,17.59,16.75
1937-02-01,18.11,16.77
1937-03-01,18.09,16.30
1937-04-01,17.01,15.05
1937-05-01,16.25,14.13
1937-06-01,15.64,13.37
1937-07-01,16.57,13.96
1937-08-01,16.74,13.91
1937-09-01,14.37,11.78
1937-10-01,12.28,10.32
1937-11-01,11.20,9.66
1937-12-01,11.02,9.75
1938-01-01,11.31,10.50
1938-02-01,11.04,10.79
1938-03-01,10.31,10.63
1938-04-01,9.89,10.95
1938-05-01,9.98,11.93
1938-06-01,10.21,13.26
1938-07-01,12.24,17.00
1938-08-01,12.31,18.37
1938-09-01,11.75,18.95
1938-10-01,13.06,20.84
1938-11-01,13.07,20.64
1938-12-01,12.69,19.83
1939-01-01,12.50,18.84
1939-02-01,12.40,18.06
1939-03-01,12.39,17.45
1939-04-01,10.83,14.90
1939-05-01,11.23,15.11
1939-06-01,11.43,15.04
1939-07-01,11.71,15.08
1939-08-01,11.54,14.55
1939-09-01,12.77,15.77
1939-10-01,12.90,15.36
1939-11-01,12.67,14.56
1939-12-01,12.37,13.74
1940-01-01,12.30,13.23
1940-02-01,12.22,12.73
1940-03-01,12.15,12.27
1940-04-01,12.27,12.19
1940-05-01,10.58,10.34
1940-06-01,9.67,9.30
1940-07-01,9.99,9.48
1940-08-01,10.20,9.56
1940-09-01,10.63,9.84
1940-10-01,10.73,10.03
1940-11-01,10.98,10.36
1940-12-01,10.53,10.03
1941-01-01,10.55,10.02
1941-02-01,9.89,9.36
1941-03-01,9.95,9.39
1941-04-01,9.64,9.01
1941-05-01,9.43,8.73
1941-06-01,9.76,8.95
1941-07-01,10.26,9.13
1941-08-01,10.21,8.83
1941-09-01,10.24,8.61
1941-10-01,9.83,8.33
1941-11-01,9.37,8.01
1941-12-01,8.76,7.55
1942-01-01,8.93,7.97
1942-02-01,8.65,8.01
1942-03-01,8.18,7.87
1942-04-01,7.84,7.69
1942-05-01,7.93,7.93
1942-06-01,8.33,8.50
1942-07-01,8.64,8.94
1942-08-01,8.59,9.01
1942-09-01,8.68,9.23
1942-10-01,9.32,9.61
1942-11-01,9.47,9.47
1942-12-01,9.52,9.24
1943-01-01,10.09,9.67
1943-02-01,10.69,10.12
1943-03-01,11.07,10.35
1943-04-01,11.44,10.59
1943-05-01,11.89,10.91
1943-06-01,12.10,11.00
1943-07-01,12.35,11.30
1943-08-01,11.74,10.80
1943-09-01,11.99,11.10
1943-10-01,11.88,11.50
1943-11-01,11.33,11.48
1943-12-01,11.48,12.21
1944-01-01,11.85,12.65
1944-02-01,11.77,12.61
1944-03-01,12.10,13.01
1944-04-01,11.89,12.83
1944-05-01,12.10,13.10
1944-06-01,12.67,13.77
1944-07-01,13.00,14.23
1944-08-01,12.81,14.13
1944-09-01,12.60,14.00
1944-10-01,12.91,14.19
1944-11-01,12.82,13.93
1944-12-01,13.10,14.09
1945-01-01,13.49,14.35
1945-02-01,13.94,14.67
1945-03-01,13.93,14.51
1945-04-01,14.28,14.67
1945-05-01,14.82,15.02
1945-06-01,15.09,15.09
1945-07-01,14.78,14.83
1945-08-01,14.83,14.93
1945-09-01,15.84,16.00
1945-10-01,16.50,16.84
1945-11-01,17.04,17.57
1945-12-01,17.33,18.05
1946-01-01,18.02,19.17
1946-02-01,18.07,19.64
1946-03-01,17.53,19.48
1946-04-01,18.66,21.20
1946-05-01,18.70,21.74
1946-06-01,18.58,22.12
1946-07-01,18.05,21.07
1946-08-01,17.70,20.27
1946-09-01,15.09,16.96
1946-10-01,14.75,15.58
1946-11-01,14.69,14.64
1946-12-01,15.13,14.27
1947-01-01,15.21,13.46
1947-02-01,15.80,13.17
1947-03-01,15.16,11.94
1947-04-01,14.60,11.00
1947-05-01,14.34,10.37
1947-06-01,14.84,10.31
1947-07-01,15.77,10.68
1947-08-01,15.46,10.22
1947-09-01,15.06,9.72
1947-10-01,15.45,9.84
1947-11-01,15.27,9.60
1947-12-01,15.03,9.34
1948-01-01,14.83,9.02
1948-02-01,14.10,8.41
1948-03-01,14.30,8.36
1948-04-01,15.40,8.75
1948-05-01,16.15,8.92
1948-06-01,16.82,9.04
1948-07-01,16.42,8.51
1948-08-01,15.94,7.97
1948-09-01,15.76,7.61
1948-10-01,16.19,7.55
1948-11-01,15.29,6.90
1948-12-01,15.19,6.63
1949-01-01,15.36,6.62
1949-02-01,14.77,6.29
1949-03-01,14.91,6.26
1949-04-01,14.89,6.24
1949-05-01,14.78,6.18
1949-06-01,13.97,5.82
1949-07-01,14.76,6.16
1949-08-01,15.29,6.39
1949-09-01,15.49,6.48
1949-10-01,15.89,6.71
1949-11-01,16.11,6.87
1949-12-01,16.54,7.13
1950-01-01,16.88,7.22
1950-02-01,17.21,7.31
1950-03-01,17.35,7.32
1950-04-01,17.84,7.35
1950-05-01,18.44,7.43
1950-06-01,18.74,7.38
1950-07-01,17.38,6.68
1950-08-01,18.43,6.93
1950-09-01,19.08,7.01
1950-10-01,19.87,7.20
1950-11-01,19.83,7.08
1950-12-01,19.75,6.95
1951-01-01,21.21,7.48
1951-02-01,22.00,7.76
1951-03-01,21.63,7.64
1951-04-01,21.92,7.85
1951-05-01,21.93,7.96
1951-06-01,21.55,7.92
1951-07-01,21.93,8.28
1951-08-01,22.89,8.87
1951-09-01,23.48,9.35
1951-10-01,23.36,9.39
1951-11-01,22.71,9.22
1951-12-01,23.41,9.59
1952-01-01,24.19,9.97
1952-02-01,23.75,9.84
1952-03-01,23.81,9.92
1952-04-01,23.74,9.97
1952-05-01,23.73,10.06
1952-06-01,24.38,10.42
1952-07-01,25.08,10.69
1952-08-01,25.18,10.70
1952-09-01,24.78,10.50
1952-10-01,24.26,10.22
1952-11-01,25.03,10.49
1952-12-01,26.04,10.85
1953-01-01,26.18,10.86
1953-02-01,25.86,10.69
1953-03-01,25.99,10.70
1953-04-01,24.71,10.06
1953-05-01,24.84,10.00
1953-06-01,23.95,9.54
1953-07-01,24.29,9.63
1953-08-01,24.39,9.61
1953-09-01,23.27,9.13
1953-10-01,23.97,9.45
1953-11-01,24.50,9.71
1953-12-01,24.83,9.89
1954-01-01,25.46,10.09
1954-02-01,26.02,10.26
1954-03-01,26.57,10.42
1954-04-01,27.63,10.74
1954-05-01,28.73,11.06
1954-06-01,28.96,11.05
1954-07-01,30.13,11.49
1954-08-01,30.73,11.70
1954-09-01,31.45,11.96
1954-10-01,32.18,12.02
1954-11-01,33.44,12.28
1954-12-01,34.97,12.62
1955-01-01,35.60,12.56
1955-02-01,36.79,12.70
1955-03-01,36.50,12.33
1955-04-01,37.76,12.39
1955-05-01,37.60,12.00
1955-06-01,39.78,12.35
1955-07-01,42.69,12.96
1955-08-01,42.43,12.60
1955-09-01,44.34,12.89
1955-10-01,42.11,12.03
1955-11-01,44.95,12.63
1955-12-01,45.37,12.53
1956-01-01,44.15,12.12
1956-02-01,44.43,12.12
1956-03-01,47.49,12.87
1956-04-01,48.05,13.13
1956-05-01,46.54,12.82
1956-06-01,46.27,12.85
1956-07-01,48.78,13.73
1956-08-01,48.49,13.83
1956-09-01,46.84,13.54
1956-10-01,46.24,13.43
1956-11-01,45.76,13.35
1956-12-01,46.44,13.62
1957-01-01,45.43,13.34
1957-02-01,43.47,12.77
1957-03-01,44.03,12.95
1957-04-01,45.05,13.22
1957-05-01,46.78,13.71
1957-06-01,47.55,13.90
1957-07-01,48.51,14.12
1957-08-01,45.84,13.27
1957-09-01,43.98,12.67
1957-10-01,41.24,12.00
1957-11-01,40.35,11.86
1957-12-01,40.33,11.97
1958-01-01,41.12,12.49
1958-02-01,41.26,12.83
1958-03-01,42.11,13.41
1958-04-01,42.34,13.79
1958-05-01,43.70,14.57
1958-06-01,44.75,15.27
1958-07-01,45.98,15.78
1958-08-01,47.70,16.47
1958-09-01,48.96,17.00
1958-10-01,50.95,17.67
1958-11-01,52.50,18.19
1958-12-01,53.49,18.51
1959-01-01,55.62,18.77
1959-02-01,54.77,18.04
1959-03-01,56.16,18.06
1959-04-01,57.10,17.81
1959-05-01,57.96,17.55
1959-06-01,57.46,16.90
1959-07-01,59.74,17.52
1959-08-01,59.40,17.37
1959-09-01,57.05,16.63
1959-10-01,57.00,16.68
1959-11-01,57.23,16.82
1959-12-01,59.06,17.42
1960-01-01,58.03,17.12
1960-02-01,55.78,16.45
1960-03-01,55.02,16.23
1960-04-01,55.73,16.65
1960-05-01,55.22,16.72
1960-06-01,57.26,17.56
1960-07-01,55.84,17.11
1960-08-01,56.51,17.30
1960-09-01,54.81,16.76
1960-10-01,53.73,16.43
1960-11-01,55.47,16.96
1960-12-01,56.80,17.37
1961-01-01,59.72,18.60
1961-02-01,62.17,19.74
1961-03-01,64.12,20.75
1961-04-01,65.83,21.44
1961-05-01,66.50,21.80
1961-06-01,65.62,21.66
1961-07-01,65.44,21.55
1961-08-01,67.79,22.27
1961-09-01,67.26,22.05
1961-10-01,68.00,21.96
1961-11-01,71.08,22.61
1961-12-01,71.74,22.49
1962-01-01,69.07,21.25
1962-02-01,70.22,21.21
1962-03-01,70.29,20.86
1962-04-01,68.05,20.00
1962-05-01,62.99,18.33
1962-06-01,55.63,16.03
1962-07-01,56.97,16.32
1962-08-01,58.52,16.67
1962-09-01,58.00,16.43
1962-10-01,56.17,15.70
1962-11-01,60.04,16.57
1962-12-01,62.64,17.07
1963-01-01,65.06,17.66
1963-02-01,65.92,17.83
1963-03-01,65.67,17.70
1963-04-01,68.76,18.32
1963-05-01,70.14,18.47
1963-06-01,70.11,18.26
1963-07-01,69.07,17.80
1963-08-01,70.98,18.11
1963-09-01,72.85,18.40
1963-10-01,73.03,18.35
1963-11-01,72.62,18.16
1963-12-01,74.17,18.45
1964-01-01,76.45,18.77
1964-02-01,77.39,18.75
1964-03-01,78.80,18.85
1964-04-01,79.94,18.90
1964-05-01,80.72,18.86
1964-06-01,80.24,18.53
1964-07-01,83.22,19.01
1964-08-01,82.00,18.54
1964-09-01,83.41,18.66
1964-10-01,84.85,18.87
1964-11-01,85.44,18.89
1964-12-01,83.96,18.45
1965-01-01,86.12,18.75
1965-02-01,86.75,18.71
1965-03-01,86.83,18.55
1965-04-01,87.97,18.59
1965-05-01,89.28,18.65
1965-06-01,85.04,17.57
1965-07-01,84.91,17.38
1965-08-01,86.49,17.53
1965-09-01,89.38,17.95
1965-10-01,91.39,18.10
1965-11-01,92.15,18.00
1965-12-01,91.73,17.67
1966-01-01,93.32,17.81
1966-02-01,92.69,17.52
1966-03-01,88.88,16.64
1966-04-01,91.60,17.03
1966-05-01,86.78,16.01
1966-06-01,86.06,15.76
1966-07-01,85.84,15.67
1966-08-01,80.65,14.68
1966-09-01,77.81,14.12
1966-10-01,77.13,13.96
1966-11-01,80.99,14.63
1966-12-01,81.33,14.65
1967-01-01,84.45,15.31
1967-02-01,87.36,15.93
1967-03-01,89.42,16.41
1967-04-01,90.96,16.81
1967-05-01,92.59,17.24
1967-06-01,91.43,17.15
1967-07-01,93.01,17.48
1967-08-01,94.49,17.79
1967-09-01,95.81,18.08
1967-10-01,95.66,18.02
1967-11-01,92.66,17.42
1967-12-01,95.30,17.88
1968-01-01,95.04,17.71
1968-02-01,90.75,16.80
1968-03-01,89.09,16.38
1968-04-01,95.67,17.45
1968-05-01,97.87,17.71
1968-06-01,100.50,18.04
1968-07-01,100.30,17.91
1968-08-01,98.11,17.43
1968-09-01,101.30,17.90
1968-10-01,103.80,18.23
1968-11-01,105.40,18.41
1968-12-01,106.50,18.49
1969-01-01,102.00,17.65
1969-02-01,101.50,17.50
1969-03-01,99.30,17.06
1969-04-01,101.30,17.39
1969-05-01,104.60,17.93
1969-06-01,99.14,16.98
1969-07-01,94.71,16.17
1969-08-01,94.18,16.04
1969-09-01,94.51,16.05
1969-10-01,95.52,16.32
1969-11-01,96.21,16.54
1969-12-01,91.11,15.76
1970-01-01,90.31,15.76
1970-02-01,87.16,15.35
1970-03-01,88.65,15.75
1970-04-01,85.95,15.37
1970-05-01,76.06,13.69
1970-06-01,75.59,13.69
1970-07-01,75.72,13.85
1970-08-01,77.92,14.39
1970-09-01,82.58,15.41
1970-10-01,84.37,15.97
1970-11-01,84.28,16.19
1970-12-01,90.05,17.55
1971-01-01,93.49,18.12
1971-02-01,97.11,18.71
1971-03-01,99.60,19.08
1971-04-01,103.00,19.61
1971-05-01,101.60,19.22
1971-06-01,99.72,18.74
1971-07-01,99.00,18.48
1971-08-01,97.24,18.03
1971-09-01,99.40,18.31
1971-10-01,97.29,17.62
1971-11-01,92.78,16.54
1971-12-01,99.17,17.40
1972-01-01,103.30,18.01
1972-02-01,105.20,18.22
1972-03-01,107.70,18.54
1972-04-01,108.80,18.56
1972-05-01,107.70,18.20
1972-06-01,108.00,18.09
1972-07-01,107.20,17.79
1972-08-01,111.00,18.25
1972-09-01,109.40,17.82
1972-10-01,109.60,17.58
1972-11-01,115.10,18.19
1972-12-01,117.50,18.30
1973-01-01,118.40,18.09
1973-02-01,114.20,17.11
1973-03-01,112.40,16.53
1973-04-01,110.30,15.89
1973-05-01,107.20,15.13
1973-06-01,104.80,14.50
1973-07-01,105.80,14.33
1973-08-01,103.80,13.77
1973-09-01,105.60,13.73
1973-10-01,109.80,13.99
1973-11-01,102.00,12.74
1973-12-01,94.78,11.62
1974-01-01,96.11,11.68
1974-02-01,93.45,11.27
1974-03-01,97.44,11.66
1974-04-01,92.46,10.89
1974-05-01,89.67,10.41
1974-06-01,89.79,10.27
1974-07-01,79.31,8.95
1974-08-01,76.03,8.46
1974-09-01,68.12,7.48
1974-10-01,69.44,7.68
1974-11-01,71.74,8.00
1974-12-01,67.07,7.54
1975-01-01,72.56,8.30
1975-02-01,80.10,9.32
1975-03-01,83.78,9.91
1975-04-01,84.72,10.22
1975-05-01,90.10,11.09
1975-06-01,92.40,11.61
1975-07-01,92.49,11.72
1975-08-01,85.71,10.95
1975-09-01,84.67,10.91
1975-10-01,88.57,11.32
1975-11-01,90.07,11.41
1975-12-01,88.70,11.14
1976-01-01,96.86,11.82
1976-02-01,100.60,11.94
1976-03-01,101.10,11.67
1976-04-01,101.90,11.51
1976-05-01,101.20,11.18
1976-06-01,101.80,11.01
1976-07-01,104.20,11.14
1976-08-01,103.30,10.93
1976-09-01,105.50,11.05
1976-10-01,101.90,10.54
1976-11-01,101.20,10.34
1976-12-01,104.70,10.57
1977-01-01,103.80,10.41
1977-02-01,101.00,10.08
1977-03-01,100.60,9.98
1977-04-01,99.05,9.72
1977-05-01,98.76,9.58
1977-06-01,99.29,9.53
1977-07-01,100.20,9.53
1977-08-01,97.75,9.21
1977-09-01,96.23,8.99
1977-10-01,93.74,8.70
1977-11-01,94.28,8.71
1977-12-01,93.82,8.62
1978-01-01,90.25,8.28
1978-02-01,88.98,8.16
1978-03-01,88.82,8.13
1978-04-01,92.71,8.41
1978-05-01,97.41,8.75
1978-06-01,97.66,8.70
1978-07-01,97.19,8.57
1978-08-01,103.90,9.07
1978-09-01,103.90,8.98
1978-10-01,100.60,8.51
1978-11-01,94.71,7.84
1978-12-01,96.11,7.79
1979-01-01,99.71,7.88
1979-02-01,98.23,7.57
1979-03-01,100.10,7.53
1979-04-01,102.10,7.55
1979-05-01,99.73,7.25
1979-06-01,101.70,7.27
1979-07-01,102.70,7.23
1979-08-01,107.40,7.45
1979-09-01,108.60,7.42
1979-10-01,104.50,7.11
1979-11-01,103.70,7.01
1979-12-01,107.80,7.25
1980-01-01,110.90,7.39
1980-02-01,115.30,7.61
1980-03-01,104.70,6.85
1980-04-01,103.00,6.79
1980-05-01,107.70,7.15
1980-06-01,114.60,7.67
1980-07-01,119.80,8.07
1980-08-01,123.50,8.38
1980-09-01,126.50,8.64
1980-10-01,130.20,8.86
1980-11-01,135.70,9.19
1980-12-01,133.50,9.01
1981-01-01,133.00,9.02
1981-02-01,128.40,8.76
1981-03-01,133.20,9.14
1981-04-01,134.40,9.13
1981-05-01,131.70,8.86
1981-06-01,132.30,8.81
1981-07-01,129.10,8.55
1981-08-01,129.60,8.54
1981-09-01,118.30,7.75
1981-10-01,119.80,7.83
1981-11-01,122.90,8.02
1981-12-01,123.80,8.06
1982-01-01,117.30,7.73
1982-02-01,114.50,7.64
1982-03-01,110.80,7.48
1982-04-01,116.30,7.97
1982-05-01,116.40,8.09
1982-06-01,109.70,7.74
1982-07-01,109.40,7.83
1982-08-01,109.70,7.97
1982-09-01,122.40,9.03
1982-10-01,132.70,10.01
1982-11-01,138.10,10.67
1982-12-01,139.40,11.03
1983-01-01,144.30,11.48
1983-02-01,146.80,11.75
1983-03-01,151.90,12.23
1983-04-01,157.70,12.64
1983-05-01,164.10,13.09
1983-06-01,166.40,13.22
1983-07-01,167.00,13.02
1983-08-01,162.40,12.43
1983-09-01,167.20,12.57
1983-10-01,167.70,12.38
1983-11-01,165.20,11.98
1983-12-01,164.40,11.72
1984-01-01,166.40,11.52
1984-02-01,157.30,10.59
1984-03-01,157.40,10.31
1984-04-01,157.60,10.12
1984-05-01,156.60,9.86
1984-06-01,153.10,9.45
1984-07-01,151.10,9.26
1984-08-01,164.40,10.00
1984-09-01,166.10,10.03
1984-10-01,164.80,9.94
1984-11-01,166.30,10.01
1984-12-01,164.50,9.89
1985-01-01,171.60,10.36
1985-02-01,180.90,10.98
1985-03-01,179.40,10.95
1985-04-01,180.60,11.20
1985-05-01,184.90,11.65
1985-06-01,188.90,12.10
1985-07-01,192.50,12.43
1985-08-01,188.30,12.26
1985-09-01,184.10,12.09
1985-10-01,186.20,12.39
1985-11-01,197.50,13.33
1985-12-01,207.30,14.19
1986-01-01,208.20,14.28
1986-02-01,219.40,15.08
1986-03-01,232.30,16.00
1986-04-01,238.00,16.32
1986-05-01,238.50,16.28
1986-06-01,245.30,16.68
1986-07-01,240.20,16.28
1986-08-01,245.00,16.55
1986-09-01,238.30,16.05
1986-10-01,237.40,16.12
1986-11-01,245.10,16.78
1986-12-01,248.60,17.17
1987-01-01,264.50,18.01
1987-02-01,280.90,18.86
1987-03-01,292.50,19.37
1987-04-01,289.30,19.45
1987-05-01,289.10,19.74
1987-06-01,301.40,20.90
1987-07-01,310.10,20.81
1987-08-01,329.40,21.42
1987-09-01,318.70,20.09
1987-10-01,280.20,17.08
1987-11-01,245.00,14.45
1987-12-01,241.00,13.77
1988-01-01,250.50,14.02
1988-02-01,258.10,14.16
1988-03-01,265.70,14.29
1988-04-01,262.60,13.39
1988-05-01,256.10,12.41
1988-06-01,270.70,12.49
1988-07-01,269.10,12.22
1988-08-01,263.70,11.78
1988-09-01,268.00,11.79
1988-10-01,277.40,12.02
1988-11-01,271.00,11.57
1988-12-01,276.50,11.64
1989-01-01,285.40,11.82
1989-02-01,294.00,11.97
1989-03-01,292.70,11.73
1989-04-01,302.30,12.07
1989-05-01,313.90,12.49
1989-06-01,323.70,12.84
1989-07-01,331.90,13.43
1989-08-01,346.60,14.32
1989-09-01,347.30,14.66
1989-10-01,347.40,14.84
1989-11-01,340.20,14.70
1989-12-01,348.60,15.24
1990-01-01,339.97,15.13
1990-02-01,330.45,14.97
1990-03-01,338.46,15.62
1990-04-01,338.18,15.70
1990-05-01,350.25,16.37
1990-06-01,360.39,16.95
1990-07-01,360.03,16.81
1990-08-01,330.75,15.33
1990-09-01,315.41,14.51
1990-10-01,307.12,14.21
1990-11-01,315.29,14.68
1990-12-01,328.75,15.41
1991-01-01,325.49,15.35
1991-02-01,362.26,17.19
1991-03-01,372.28,17.78
1991-04-01,379.68,18.58
1991-05-01,377.99,18.98
1991-06-01,378.29,19.49
1991-07-01,380.23,20.14
1991-08-01,389.40,21.22
1991-09-01,387.20,21.73
1991-10-01,386.88,22.49
1991-11-01,385.92,23.27
1991-12-01,388.51,24.33
1992-01-01,416.08,25.93
1992-02-01,412.56,25.60
1992-03-01,407.36,25.16
1992-04-01,407.41,24.73
1992-05-01,414.81,24.75
1992-06-01,408.27,23.95
1992-07-01,415.05,23.88
1992-08-01,417.93,23.60
1992-09-01,418.48,23.20
1992-10-01,412.50,22.43
1992-11-01,422.84,22.56
1992-12-01,435.64,22.82
1993-01-01,435.23,22.50
1993-02-01,441.70,22.55
1993-03-01,450.16,22.69
1993-04-01,443.08,22.53
1993-05-01,445.25,22.83
1993-06-01,448.06,23.18
1993-07-01,447.29,22.72
1993-08-01,454.13,22.65
1993-09-01,459.24,22.50
1993-10-01,463.90,22.19
1993-11-01,462.89,21.63
1993-12-01,465.95,21.29
1994-01-01,472.99,21.34
1994-02-01,471.58,21.02
1994-03-01,463.81,20.42
1994-04-01,447.23,19.00
1994-05-01,450.90,18.50
1994-06-01,454.83,18.05
1994-07-01,451.40,17.42
1994-08-01,464.24,17.44
1994-09-01,466.96,17.09
1994-10-01,463.81,16.32
1994-11-01,461.01,15.62
1994-12-01,455.19,14.88
1995-01-01,465.25,14.89
1995-02-01,481.92,15.11
1995-03-01,493.15,15.15
1995-04-01,507.91,15.31
1995-05-01,523.81,15.50
1995-06-01,539.35,15.67
1995-07-01,557.37,16.07
1995-08-01,559.11,16.01
1995-09-01,578.77,16.45
1995-10-01,582.92,16.76
1995-11-01,595.53,17.33
1995-12-01,614.57,18.10
1996-01-01,614.42,18.08
1996-02-01,649.54,19.10
1996-03-01,647.07,19.01
1996-04-01,647.17,18.85
1996-05-01,661.23,19.10
1996-06-01,668.50,19.15
1996-07-01,644.07,18.26
1996-08-01,662.68,18.60
1996-09-01,674.88,18.75
1996-10-01,701.46,19.00
1996-11-01,735.67,19.45
1996-12-01,743.25,19.19
1997-01-01,766.22,19.53
1997-02-01,798.39,20.09
1997-03-01,792.16,19.69
1997-04-01,763.93,18.94
1997-05-01,833.09,20.60
1997-06-01,876.29,21.61
1997-07-01,925.29,22.80
1997-08-01,927.24,22.83
1997-09-01,937.02,23.06
1997-10-01,951.16,23.58
1997-11-01,938.92,23.46
1997-12-01,962.37,24.23
1998-01-01,963.36,24.29
1998-02-01,1023.74,25.85
1998-03-01,1076.83,27.23
1998-04-01,1112.20,28.26
1998-05-01,1108.42,28.30
1998-06-01,1108.39,28.44
1998-07-01,1156.58,29.90
1998-08-01,1074.62,28.00
1998-09-01,1020.64,26.80
1998-10-01,1032.47,27.20
1998-11-01,1144.43,30.25
1998-12-01,1190.05,31.56
1999-01-01,1248.77,32.92
1999-02-01,1246.58,32.67
1999-03-01,1281.66,33.39
1999-04-01,1334.76,34.00
1999-05-01,1332.07,33.19
1999-06-01,1322.55,32.24
1999-07-01,1380.99,32.88
1999-08-01,1327.49,30.89
1999-09-01,1318.17,29.99
1999-10-01,1300.01,28.66
1999-11-01,1391.00,29.74
1999-12-01,1428.68,29.66
2000-01-01,1425.59,29.04
2000-02-01,1388.87,27.76
2000-03-01,1442.21,28.31
2000-04-01,1461.36,28.50
2000-05-01,1418.48,27.49
2000-06-01,1461.96,28.16
2000-07-01,1473.00,28.05
2000-08-01,1485.46,27.97
2000-09-01,1468.05,27.34
2000-10-01,1390.14,26.50
2000-11-01,1378.04,26.90
2000-12-01,1330.93,26.62
2001-01-01,1335.63,27.55
2001-02-01,1305.75,27.81
2001-03-01,1185.85,26.10
2001-04-01,1189.84,27.96
2001-05-01,1270.37,32.02
2001-06-01,1238.71,33.67
2001-07-01,1204.45,35.46
2001-08-01,1178.50,37.85
2001-09-01,1044.64,36.90
2001-10-01,1076.59,39.72
2001-11-01,1129.68,43.62
2001-12-01,1144.93,46.37
2002-01-01,1140.21,46.17
2002-02-01,1100.67,44.57
2002-03-01,1153.79,46.71
2002-04-01,1111.93,43.81
2002-05-01,1079.25,41.41
2002-06-01,1014.02,37.92
2002-07-01,903.59,32.46
2002-08-01,912.55,31.53
2002-09-01,867.81,28.89
2002-10-01,854.63,29.24
2002-11-01,909.93,32.03
2002-12-01,899.18,32.59
2003-01-01,895.84,31.43
2003-02-01,837.03,28.46
2003-03-01,846.63,27.92
2003-04-01,890.03,28.05
2003-05-01,935.96,28.24
2003-06-01,988.00,28.60
2003-07-01,992.54,27.65
2003-08-01,989.53,26.57
2003-09-01,1019.44,26.42
2003-10-01,1038.73,24.75
2003-11-01,1049.90,23.15
2003-12-01,1080.64,22.17
2004-01-01,1132.52,22.73
2004-02-01,1143.36,22.46
2004-03-01,1123.98,21.61
2004-04-01,1133.36,21.23
2004-05-01,1102.78,20.14
2004-06-01,1132.76,20.17
2004-07-01,1105.85,19.51
2004-08-01,1088.94,19.03
2004-09-01,1117.66,19.35
2004-10-01,1117.21,19.25
2004-11-01,1168.94,20.05
2004-12-01,1199.21,20.48
2005-01-01,1181.41,19.99
2005-02-01,1199.63,20.11
2005-03-01,1194.90,19.84
2005-04-01,1164.43,19.02
2005-05-01,1178.28,18.93
2005-06-01,1202.25,19.00
2005-07-01,1222.24,19.00
2005-08-01,1224.27,18.72
2005-09-01,1225.92,18.44
2005-10-01,1191.96,17.64
2005-11-01,1237.37,18.01
2005-12-01,1262.07,18.07
2006-01-01,1278.73,18.07
2006-02-01,1276.65,17.80
2006-03-01,1293.74,17.80
2006-04-01,1302.17,17.77
2006-05-01,1290.01,17.46
2006-06-01,1253.17,16.82
2006-07-01,1260.24,16.61
2006-08-01,1287.15,16.67
2006-09-01,1317.74,16.77
2006-10-01,1363.38,17.14
2006-11-01,1388.64,17.24
2006-12-01,1416.42,17.38
2007-01-01,1424.16,17.36
2007-02-01,1444.80,17.49
2007-03-01,1406.95,16.92
2007-04-01,1463.64,17.48
2007-05-01,1511.14,17.92
2007-06-01,1514.19,17.83
2007-07-01,1520.71,18.36
2007-08-01,1454.62,18.02
2007-09-01,1497.12,19.05
2007-10-01,1539.66,20.68
2007-11-01,1463.39,20.81
2007-12-01,1479.22,22.35
2008-01-01,1378.76,21.46
2008-02-01,1354.87,21.74
2008-03-01,1316.94,21.81
2008-04-01,1370.47,23.88
2008-05-01,1403.22,25.81
2008-06-01,1341.25,26.11
2008-07-01,1257.33,25.37
2008-08-01,1281.47,26.83
2008-09-01,1216.95,26.48
2008-10-01,968.80,27.22
2008-11-01,883.04,34.99
2008-12-01,877.56,58.98
2009-01-01,865.58,70.91
2009-02-01,805.23,84.46
2009-03-01,757.13,110.37
2009-04-01,848.15,119.85
2009-05-01,902.41,123.73
2009-06-01,926.12,123.32
2009-07-01,935.82,101.87
2009-08-01,1009.73,92.95
2009-09-01,1044.55,83.30
2009-10-01,1067.66,42.12
2009-11-01,1088.07,28.51
2009-12-01,1110.38,21.78
2010-01-01,1123.58,20.70
2010-02-01,1089.16,18.91
2010-03-01,1152.05,18.91
2010-04-01,1197.32,19.01
2010-05-01,1125.06,17.30
2010-06-01,1083.36,16.15
2010-07-01,1079.80,15.72
2010-08-01,1087.28,15.47
2010-09-01,1122.08,15.61
2010-10-01,1171.58,15.90
2010-11-01,1198.89,15.88
2010-12-01,1241.53,16.05
2011-01-01,1282.62,16.30
2011-02-01,1321.12,16.52
2011-03-01,1304.49,16.04
2011-04-01,1331.51,16.21
2011-05-01,1338.31,16.12
2011-06-01,1287.29,15.35
2011-07-01,1325.19,15.61
2011-08-01,1185.31,13.79
2011-09-01,1173.88,13.50
2011-10-01,1207.22,13.88
2011-11-01,1226.42,14.10
2011-12-01,1243.32,14.30
2012-01-01,1300.58,14.87
2012-02-01,1352.49,15.37
2012-03-01,1389.24,15.69
2012-04-01,1386.43,15.70
2012-05-01,1341.27,15.22
2012-06-01,1323.48,15.05
2012-07-01,1359.78,15.55
2012-08-01,1403.45,16.14
2012-09-01,1443.42,16.69
2012-10-01,1437.82,16.62
2012-11-01,1394.51,16.12
2012-12-01,1422.29,16.44
2013-01-01,1480.40,17.03
2013-02-01,1512.31,17.32
2013-03-01,1550.83,17.68
2013-04-01,1570.70,17.69
2013-05-01,1639.84,18.25
2013-06-01,1618.77,17.80
2013-07-01,1668.68,18.12
2013-08-01,1670.09,17.91
2013-09-01,1687.17,17.88
2013-10-01,1720.03,17.86
2013-11-01,1783.54,18.15
2013-12-01,1807.78,18.04
2014-01-01,1822.36,18.15
2014-02-01,1817.04,18.06
2014-03-01,1863.52,18.48
2014-04-01,1864.26,18.35
2014-05-01,1889.77,18.46
2014-06-01,1947.09,18.88
2014-07-01,1973.10,18.96
2014-08-01,1961.53,18.68
2014-09-01,1993.23,18.81
2014-10-01,1937.27,18.50
2014-11-01,2044.57,19.75
2014-12-01,2054.27,20.08
2015-01-01,2028.18,20.02
2015-02-01,2082.20,20.77
2015-03-01,2079.99,20.96
2015-04-01,2094.86,21.42
2015-05-01,2111.94,21.92
2015-06-01,2099.29,22.12
2015-07-01,2094.14,22.40
2015-08-01,2039.87,22.15
2015-09-01,1944.41,21.45
2015-10-01,2024.81,22.68
2015-11-01,2080.62,23.67
2015-12-01,2054.08,23.74
2016-01-01,1918.60,22.18
2016-02-01,1904.42,22.02
2016-03-01,2021.95,23.39
2016-04-01,2075.54,23.97
2016-05-01,2065.55,23.81
2016-06-01,2083.89,23.97
2016-07-01,2148.90,24.52
2016-08-01,2170.95,24.57
2016-09-01,2157.69,24.22
2016-10-01,2143.02,23.57
2016-11-01,2164.99,23.35
2016-12-01,2246.63,23.76
2017-01-01,2275.12,23.59
2017-02-01,2329.91,23.68
2017-03-01,2366.82,23.60
2017-04-01,2359.31,23.24
2017-05-01,2395.35,23.31
2017-06-01,2433.99,23.40
2017-07-01,2454.10,23.36
2017-08-01,2456.22,23.16
2017-09-01,2492.84,23.28
2017-10-01,2557.00,23.67
2017-11-01,2593.61,23.81
2017-12-01,2664.34,24.25
2018-01-01,2789.80,24.97
2018-02-01,2705.16,23.82
2018-03-01,2702.77,23.41
2018-04-01,2653.63,22.53
2018-05-01,2701.49,22.49
2018-06-01,2754.35,22.49
2018-07-01,2793.64,22.33
2018-08-01,2857.82,22.37
2018-09-01,2901.50,22.25
2018-10-01,2785.46,21.25
2018-11-01,2723.23,20.67
2018-12-01,2567.31,19.39
2019-01-01,2607.39,19.60
2019-02-01,2754.86,20.60
2019-03-01,2803.98,20.86
2019-04-01,2903.80,21.56
2019-05-01,2854.71,21.15
2019-06-01,2890.17,21.37
2019-07-01,2996.11,22.28
2019-08-01,2897.50,21.67
2019-09-01,2982.16,22.44
2019-10-01,2977.68,22.04
2019-11-01,3104.90,22.62
2019-12-01,3176.75,22.78
2020-01-01,3278.20,24.88
2020-02-01,3277.31,26.42
2020-03-01,2652.39,22.80
2020-04-01,2761.98,24.97
2020-05-01,2919.61,27.82
2020-06-01,3104.66,31.29
2020-07-01,3207.62,32.44
2020-08-01,3391.71,34.41
2020-09-01,3365.52,34.27
2020-10-01,3418.70,35.30
2020-11-01,3548.99,37.16
2020-12-01,3695.31,39.26
2021-01-01,3793.75,35.96
2021-02-01,3883.43,33.24
2021-03-01,3910.51,30.50
2021-04-01,4141.18,29.92
2021-05-01,4167.85,28.05
2021-06-01,4238.49,26.70
2021-07-01,4363.71,26.56
2021-08-01,4454.21,26.23
2021-09-01,4445.54,25.35
2021-10-01,4460.71,24.39
2021-11-01,4667.39,24.52
2021-12-01,4674.77,23.63
2022-01-01,4573.82,23.11
2022-02-01,4435.98,22.42
2022-03-01,4391.27,22.19
2022-04-01,4391.30,22.40
2022-05-01,4040.36,20.81
2022-06-01,3898.95,20.28
2022-07-01,3911.73,20.53
2022-08-01,4158.56,22.03
2022-09-01,3850.52,20.58
2022-10-01,3726.05,20.44
2022-11-01,3917.49,22.07
2022-12-01,3912.38,22.65
2023-01-01,3960.66,22.82
2023-02-01,4079.68,23.40
2023-03-01,3968.56,22.66
2023-04-01,4121.47,23.27
2023-05-01,4146.17,23.15
2023-06-01,4345.37,24.01
2023-07-01,4508.08,24.76
2023-08-01,4426.24,24.16
2023-09-01,4409.10,23.93
2023-10-01,4258.98,22.78
2023-11-01,4460.06,23.51
2023-12-01,4685.05,24.35
2024-01-01,4804.49,25.01
2024-02-01,5011.96,26.14
2024-03-01,5170.57,27.02
2024-04-01,5095.46,26.41
2024-05-01,5235.23,26.93
2024-06-01,5415.14,27.64
2024-07-01,5542.89,28.08
2024-08-01,5502.17,27.67
2024-09-01,5626.12,28.09
2024-10-01,5792.32,28.45
2024-11-01,5929.92,28.66
2024-12-01,6010.91,28.60
2025-01-01,5979.52,28.16
2025-02-01,6038.69,28.15
2025-03-01,5683.98,26.23
2025-04-01,5369.50,24.56
2025-05-01,5810.92,26.34
2025-06-01,6029.95,27.10
2025-07-01,6296.50,27.81
2025-08-01,6408.95,27.84
2025-09-01,6584.02,28.13
2025-10-01,6735.69,28.78
2025-11-01,6740.89,28.80
2025-12-01,6853.03,29.28
2026-01-01,6929.12,29.60
2026-02-01,6893.81,29.45
2026-03-01,6654.42,28.43
2026-04-01,6957.01,29.72
2026-05-01,7412.55,31.67
2026-06-01,7473.85,31.93
2026-06-26,7361.13,31.45
